nazwa,typ
Silnik V8,Część
Silnik R4,Część
Alternator,Część
Akumulator,Część
Amortyzator przedni,Część
Amortyzator tylny,Część
Chłodnica,Część
Klimatyzacja,Część
Komputer diagnostyczny,Narzędzie
Koło zapasowe,Część
Klocki hamulcowe,Część
Lampy przednie,Część
Lampy tylne,Część
Lusterko boczne,Część
Olej silnikowy,Część
Pasek rozrządu,Część
Pompa paliwa,Część
Pompa wodna,Część
Przewody zapłonowe,Część
Przewody hamulcowe,Część
Sprzęgło,Część
Skrzynia biegów,Część
Świece zapłonowe,Część
Turbosprężarka,Część
Uszczelka pod głowicą,Część
Wahacz,Część
Wycieraczki,Część
Zawór EGR,Część
Zderzak przedni,Część
Zderzak tylny,Część
Czujnik ABS,Część
Czujnik temperatury,Część
Filtr powietrza,Część
Filtr oleju,Część
Filtr kabinowy,Część
Filtr paliwa,Część
Katalizator,Część
Łożysko koła,Część
Nagrzewnica,Część
Pasek klinowy,Część
Przegub napędowy,Część
Regulator napięcia,Część
Rozrusznik,Część
Silnik elektryczny,Część
Sprężyna zawieszenia,Część
Szyba czołowa,Część
Szyba tylna,Część
Szyba boczna,Część
Tarcze hamulcowe,Część
Tłumik,Część
Układ wydechowy,Część
Zawieszenie pneumatyczne,Część
Zawór recyrkulacji spalin,Część
Zestaw naprawczy,Część
Żarówka H4,Część
Żarówka LED,Część
Żarówka xenonowa,Część
Pompa wspomagania,Część
Przewody klimatyzacji,Część
Rura wydechowa,Część
Osłona przeciwsłoneczna,Część
Pasy bezpieczeństwa,Część
Narzędzie diagnostyczne,Narzędzie
Podnośnik hydrauliczny,Narzędzie
Wkrętarka akumulatorowa,Narzędzie
Klucz dynamometryczny,Narzędzie
Sprężarka powietrza,Narzędzie
Tester akumulatora,Narzędzie
Wózek narzędziowy,Narzędzie
Zestaw kluczy nasadowych,Narzędzie
Zestaw wierteł,Narzędzie
Zestaw nasadek,Narzędzie
Zestaw imbusów,Narzędzie
Narzędzie do geometrii kół,Narzędzie
Ładowarka akumulatorów,Narzędzie
Miernik grubości lakieru,Narzędzie
Tester diagnostyczny,Narzędzie
Narzędzie do ustawiania świateł,Narzędzie
Prasa hydrauliczna,Narzędzie
Stetoskop samochodowy,Narzędzie
Tester ciśnienia,Narzędzie
Waga do kół,Narzędzie
Zestaw do odsysania oleju,Narzędzie
Zestaw do pomiaru ciśnienia,Narzędzie
Zestaw do regeneracji reflektorów,Narzędzie
